{
  "hash": "95aecc13",
  "configHash": "3806ed4f",
  "lockfileHash": "17e3f186",
  "browserHash": "36b86478",
  "optimized": {
    "@angular/cdk/tree": {
      "src": "../../../../../node_modules/@angular/cdk/fesm2022/tree.mjs",
      "file": "@angular_cdk_tree.js",
      "fileHash": "3b07f0c9",
      "needsInterop": false
    },
    "@angular/common": {
      "src": "../../../../../node_modules/@angular/common/fesm2022/common.mjs",
      "file": "@angular_common.js",
      "fileHash": "b71e490d",
      "needsInterop": false
    },
    "@angular/common/http": {
      "src": "../../../../../node_modules/@angular/common/fesm2022/http.mjs",
      "file": "@angular_common_http.js",
      "fileHash": "3ac2c5eb",
      "needsInterop": false
    },
    "@angular/core": {
      "src": "../../../../../node_modules/@angular/core/fesm2022/core.mjs",
      "file": "@angular_core.js",
      "fileHash": "a33b68b5",
      "needsInterop": false
    },
    "@angular/forms": {
      "src": "../../../../../node_modules/@angular/forms/fesm2022/forms.mjs",
      "file": "@angular_forms.js",
      "fileHash": "b01f9e01",
      "needsInterop": false
    },
    "@angular/material/button": {
      "src": "../../../../../node_modules/@angular/material/fesm2022/button.mjs",
      "file": "@angular_material_button.js",
      "fileHash": "db303b5b",
      "needsInterop": false
    },
    "@angular/material/icon": {
      "src": "../../../../../node_modules/@angular/material/fesm2022/icon.mjs",
      "file": "@angular_material_icon.js",
      "fileHash": "59bd356b",
      "needsInterop": false
    },
    "@angular/material/tree": {
      "src": "../../../../../node_modules/@angular/material/fesm2022/tree.mjs",
      "file": "@angular_material_tree.js",
      "fileHash": "aabac4a8",
      "needsInterop": false
    },
    "@angular/platform-browser": {
      "src": "../../../../../node_modules/@angular/platform-browser/fesm2022/platform-browser.mjs",
      "file": "@angular_platform-browser.js",
      "fileHash": "1702986f",
      "needsInterop": false
    },
    "@angular/platform-browser/animations": {
      "src": "../../../../../node_modules/@angular/platform-browser/fesm2022/animations.mjs",
      "file": "@angular_platform-browser_animations.js",
      "fileHash": "583f3761",
      "needsInterop": false
    },
    "@angular/platform-browser/animations/async": {
      "src": "../../../../../node_modules/@angular/platform-browser/fesm2022/animations/async.mjs",
      "file": "@angular_platform-browser_animations_async.js",
      "fileHash": "9a77ac57",
      "needsInterop": false
    },
    "@angular/router": {
      "src": "../../../../../node_modules/@angular/router/fesm2022/router.mjs",
      "file": "@angular_router.js",
      "fileHash": "39764c5b",
      "needsInterop": false
    },
    "@ng-bootstrap/ng-bootstrap": {
      "src": "../../../../../node_modules/@ng-bootstrap/ng-bootstrap/fesm2022/ng-bootstrap.mjs",
      "file": "@ng-bootstrap_ng-bootstrap.js",
      "fileHash": "ec9dd87c",
      "needsInterop": false
    },
    "angular-calendar": {
      "src": "../../../../../node_modules/angular-calendar/fesm2020/angular-calendar.mjs",
      "file": "angular-calendar.js",
      "fileHash": "937ca8a3",
      "needsInterop": false
    },
    "angular-calendar/date-adapters/date-fns": {
      "src": "../../../../../node_modules/angular-calendar/date-adapters/esm/date-fns/index.js",
      "file": "angular-calendar_date-adapters_date-fns.js",
      "fileHash": "1b21ff96",
      "needsInterop": false
    },
    "chart.js": {
      "src": "../../../../../node_modules/chart.js/dist/chart.js",
      "file": "chart__js.js",
      "fileHash": "fa599923",
      "needsInterop": false
    },
    "ngx-pagination": {
      "src": "../../../../../node_modules/ngx-pagination/fesm2020/ngx-pagination.mjs",
      "file": "ngx-pagination.js",
      "fileHash": "ca6e712c",
      "needsInterop": false
    },
    "rxjs": {
      "src": "../../../../../node_modules/rxjs/dist/esm5/index.js",
      "file": "rxjs.js",
      "fileHash": "aa5d4db9",
      "needsInterop": false
    }
  },
  "chunks": {
    "browser-ZGANC5IN": {
      "file": "browser-ZGANC5IN.js"
    },
    "chunk-P6L2CK3J": {
      "file": "chunk-P6L2CK3J.js"
    },
    "chunk-ECAKMDIM": {
      "file": "chunk-ECAKMDIM.js"
    },
    "chunk-RDAZA7IV": {
      "file": "chunk-RDAZA7IV.js"
    },
    "chunk-XETFATKZ": {
      "file": "chunk-XETFATKZ.js"
    },
    "chunk-G7GGEXVZ": {
      "file": "chunk-G7GGEXVZ.js"
    },
    "chunk-DO3SVI6I": {
      "file": "chunk-DO3SVI6I.js"
    },
    "chunk-X57DCY25": {
      "file": "chunk-X57DCY25.js"
    },
    "chunk-D54GPT2D": {
      "file": "chunk-D54GPT2D.js"
    },
    "chunk-3F3I5PLX": {
      "file": "chunk-3F3I5PLX.js"
    },
    "chunk-6AGFHDWV": {
      "file": "chunk-6AGFHDWV.js"
    },
    "chunk-HDNJTVKA": {
      "file": "chunk-HDNJTVKA.js"
    },
    "chunk-U62FMTEC": {
      "file": "chunk-U62FMTEC.js"
    },
    "chunk-J4B6MK7R": {
      "file": "chunk-J4B6MK7R.js"
    }
  }
}